{"type": "block", "layer": 4, "block": 0, "features": [{"geom": {"polygons": [[[[48.43750000038799, 70.56587838167484], [54.771959460983844, 72.59290540865548], [57.643581080778326, 63.64020270530352], [54.377815314838095, 62.59853603880306], [53.98367117120117, 63.52759009283582], [51.90033783820008, 63.04898648952787], [51.534346847253055, 64.17511261548592], [50.46452702699506, 63.9217342371133], [48.43750000038799, 70.56587838167484]]]], "centroids": [[53.086074951449625, 67.45002806596551, 0.0]], "h": 36.681644823590254}, "mtl": {"face": 0}}]}