{"type": "block", "layer": 4, "block": 0, "features": [{"geom": {"polygons": [[[[52.94200450491415, -15.019707203945545], [59.276463965509954, -12.9926801769649], [62.14808558530449, -21.945382880316846], [58.88231981936426, -22.987049546817328], [58.488175675727284, -22.057995492784517], [56.40484234272625, -22.536599096092495], [56.038851351779215, -21.410472970134478], [54.96903153152122, -21.663851348507063], [52.94200450491415, -15.019707203945545]]]], "centroids": [[57.590579455975735, -18.135557519654874, 0.0]], "h": 36.681644823590254}, "mtl": {"face": 0}}]}